,Title,url
0,Bureau MFB5,https://www.lemeuble.tn/998-large_default/bureau-mfb5.jpg
1,Bureau MFB15,https://www.lemeuble.tn/1004-large_default/bureau-mfb15.jpg
2,Bureau OSCAR,https://www.lemeuble.tn/983-large_default/bureau-oscar.jpg
3,Bureau Junior,https://www.lemeuble.tn/1006-large_default/bureau-junior.jpg
4,Bureau PERO,https://www.lemeuble.tn/988-large_default/bureau-pero.jpg
5,Bureau HAVANA,https://www.lemeuble.tn/985-large_default/bureau-havana.jpg
6,Bureau AZUR,https://www.lemeuble.tn/1045-large_default/bureau-azur.jpg
7,Chaise Strier Assise PVC,https://www.lemeuble.tn/853-large_default/chaise-strier-assise-pvc.jpg
8,Chaise en PVC,https://www.lemeuble.tn/1024-large_default/chaise-en-pvc.jpg
9,Table Pliante Octogone,https://www.lemeuble.tn/894-large_default/table-pliante-octogone.jpg
10,Table Pliante Elipse,https://www.lemeuble.tn/1007-large_default/table-pliante-elipse.jpg
11,Table Pliante Rectangulaire,https://www.lemeuble.tn/896-large_default/table-pliante-rectangulaire.jpg
12,Bureau MFB5,https://www.lemeuble.tn/998-large_default/bureau-mfb5.jpg
13,Bureau MFB15,https://www.lemeuble.tn/1004-large_default/bureau-mfb15.jpg
14,Bureau OSCAR,https://www.lemeuble.tn/983-large_default/bureau-oscar.jpg
15,Bureau Junior,https://www.lemeuble.tn/1006-large_default/bureau-junior.jpg
16,Bureau PERO,https://www.lemeuble.tn/988-large_default/bureau-pero.jpg
17,Bureau HAVANA,https://www.lemeuble.tn/985-large_default/bureau-havana.jpg
18,Bureau AZUR,https://www.lemeuble.tn/1045-large_default/bureau-azur.jpg
19,Chaise Strier Assise PVC,https://www.lemeuble.tn/853-large_default/chaise-strier-assise-pvc.jpg
20,Chaise en PVC,https://www.lemeuble.tn/1024-large_default/chaise-en-pvc.jpg
21,Table Pliante Octogone,https://www.lemeuble.tn/894-large_default/table-pliante-octogone.jpg
22,Table Pliante Elipse,https://www.lemeuble.tn/1007-large_default/table-pliante-elipse.jpg
23,Table Pliante Rectangulaire,https://www.lemeuble.tn/896-large_default/table-pliante-rectangulaire.jpg
24,Bureau MFB5,https://www.lemeuble.tn/998-large_default/bureau-mfb5.jpg
25,Bureau MFB15,https://www.lemeuble.tn/1004-large_default/bureau-mfb15.jpg
26,Bureau OSCAR,https://www.lemeuble.tn/983-large_default/bureau-oscar.jpg
27,Bureau Junior,https://www.lemeuble.tn/1006-large_default/bureau-junior.jpg
28,Bureau PERO,https://www.lemeuble.tn/988-large_default/bureau-pero.jpg
29,Bureau HAVANA,https://www.lemeuble.tn/985-large_default/bureau-havana.jpg
30,Bureau AZUR,https://www.lemeuble.tn/1045-large_default/bureau-azur.jpg
31,Chaise Strier Assise PVC,https://www.lemeuble.tn/853-large_default/chaise-strier-assise-pvc.jpg
32,Chaise en PVC,https://www.lemeuble.tn/1024-large_default/chaise-en-pvc.jpg
33,Table Pliante Octogone,https://www.lemeuble.tn/894-large_default/table-pliante-octogone.jpg
34,Table Pliante Elipse,https://www.lemeuble.tn/1007-large_default/table-pliante-elipse.jpg
35,Table Pliante Rectangulaire,https://www.lemeuble.tn/896-large_default/table-pliante-rectangulaire.jpg
36,Bureau MFB5,https://www.lemeuble.tn/998-large_default/bureau-mfb5.jpg
37,Bureau MFB15,https://www.lemeuble.tn/1004-large_default/bureau-mfb15.jpg
38,Bureau OSCAR,https://www.lemeuble.tn/983-large_default/bureau-oscar.jpg
39,Bureau Junior,https://www.lemeuble.tn/1006-large_default/bureau-junior.jpg
40,Bureau PERO,https://www.lemeuble.tn/988-large_default/bureau-pero.jpg
41,Bureau HAVANA,https://www.lemeuble.tn/985-large_default/bureau-havana.jpg
42,Bureau AZUR,https://www.lemeuble.tn/1045-large_default/bureau-azur.jpg
43,Chaise Strier Assise PVC,https://www.lemeuble.tn/853-large_default/chaise-strier-assise-pvc.jpg
44,Chaise en PVC,https://www.lemeuble.tn/1024-large_default/chaise-en-pvc.jpg
45,Table Pliante Octogone,https://www.lemeuble.tn/894-large_default/table-pliante-octogone.jpg
46,Table Pliante Elipse,https://www.lemeuble.tn/1007-large_default/table-pliante-elipse.jpg
47,Table Pliante Rectangulaire,https://www.lemeuble.tn/896-large_default/table-pliante-rectangulaire.jpg
48,Bureau MFB5,https://www.lemeuble.tn/998-large_default/bureau-mfb5.jpg
49,Bureau MFB15,https://www.lemeuble.tn/1004-large_default/bureau-mfb15.jpg
50,Bureau OSCAR,https://www.lemeuble.tn/983-large_default/bureau-oscar.jpg
51,Bureau Junior,https://www.lemeuble.tn/1006-large_default/bureau-junior.jpg
52,Bureau PERO,https://www.lemeuble.tn/988-large_default/bureau-pero.jpg
53,Bureau HAVANA,https://www.lemeuble.tn/985-large_default/bureau-havana.jpg
54,Bureau AZUR,https://www.lemeuble.tn/1045-large_default/bureau-azur.jpg
55,Chaise Strier Assise PVC,https://www.lemeuble.tn/853-large_default/chaise-strier-assise-pvc.jpg
56,Chaise en PVC,https://www.lemeuble.tn/1024-large_default/chaise-en-pvc.jpg
57,Table Pliante Octogone,https://www.lemeuble.tn/894-large_default/table-pliante-octogone.jpg
58,Table Pliante Elipse,https://www.lemeuble.tn/1007-large_default/table-pliante-elipse.jpg
59,Table Pliante Rectangulaire,https://www.lemeuble.tn/896-large_default/table-pliante-rectangulaire.jpg
